user,reaction_speed(in_ms),type_of_activation
User2,320,shock
User5,608,light
User4,831,light
User2,235,shock
User3,4,light
User4,207,shock
User1,205,shock
User4,482,shock
User5,713,shock
User2,459,shock
User2,833,shock
User4,84,shock
User5,970,light
User2,338,light
User5,957,sound
User1,605,light
User5,4,shock
User3,16,sound
User2,259,light
User5,683,light
User3,836,sound
User4,115,sound
User2,74,light
User5,369,shock
User1,397,sound
User5,524,shock
User4,38,shock
User4,302,light
User4,581,light
User2,452,light
User3,837,shock
User1,884,shock
User2,475,light
User5,298,sound
User2,750,sound
User1,344,light
User2,812,sound
User3,962,sound
User3,248,light
User4,889,light
User5,43,light
User1,140,shock
User5,566,shock
User4,36,shock
User2,414,light
User5,144,shock
User2,32,sound
User4,75,shock
User1,561,sound
User1,925,sound
User4,911,sound
User4,112,light
User3,621,sound
User2,188,sound
User2,228,light
User5,115,shock
User1,27,shock
User2,564,light
User2,109,sound
User2,746,sound
User2,850,light
User3,674,light
User1,996,light
User3,103,shock
User1,68,light
User4,161,light
User1,237,shock
User5,41,shock
User2,845,shock
User3,72,light
User4,33,light
User4,736,light
User3,270,shock
User5,459,sound
User5,266,sound
User3,659,shock
User5,71,shock
User3,411,light
User5,982,light
User2,522,sound
User4,509,light
User2,950,shock
User2,327,light
User1,22,light
User4,499,light
User2,103,light
User5,278,sound
User5,119,shock
User2,188,light
User3,778,sound
User4,984,sound
User1,655,light
User5,971,sound
User3,879,shock
User2,553,shock
User3,942,sound
User3,972,shock
User1,165,sound
User4,710,shock
User1,859,sound
User1,190,sound
User4,241,shock
User3,738,shock
User2,701,shock
User4,480,light
User1,383,shock
User1,685,shock
User2,877,shock
User5,13,light
User1,913,light
User5,913,sound
User4,122,light
User1,1,sound
User1,953,light
User1,730,shock
User2,865,sound
User4,629,light
User1,281,sound
User5,166,shock
User4,33,shock
User3,413,shock
User1,38,sound
User1,303,shock
User3,452,sound
User3,141,sound
User2,73,sound
User2,159,shock
User4,514,sound
User2,245,sound
User2,991,shock
User2,377,shock
User3,393,sound
User3,264,sound
User2,541,light
User1,134,shock
User4,374,shock
User2,587,light
User4,262,light
User1,247,sound
User1,852,light
User4,601,sound
User3,15,light
User1,475,light
User2,63,light
User1,104,sound
User5,580,sound
User2,230,shock
User1,982,shock
User4,146,light
User3,457,sound
User4,855,light
User4,504,light
User4,842,sound
User3,918,light
User4,16,sound
User4,391,sound
User5,128,light
User4,15,shock
User4,277,shock
User4,710,sound
User3,587,shock
User5,352,light
User4,816,shock
User2,985,light
User2,164,sound
User1,840,shock
User4,985,shock
User3,621,shock
User5,492,shock
User1,919,sound
User2,500,light
User5,486,light
User3,45,sound
User3,90,sound
User1,399,shock
User5,243,light
User3,237,light
User3,210,light
User4,300,sound
User3,784,sound
User2,544,light
User1,535,sound
User2,961,sound
User3,158,light
User1,443,sound
User3,201,sound
User4,27,shock
User5,74,shock
User1,45,light
User5,959,light
User2,41,sound
User3,918,light
User1,586,sound
User4,912,light
User4,119,sound
User5,632,light
User1,200,light
User1,876,sound
User5,25,sound
User2,9,sound
User4,768,shock
User2,211,shock
User3,40,shock
User4,235,shock
User1,474,light
User2,329,shock
User4,855,shock
User4,239,light
User1,940,light
User3,860,light
User4,677,shock
User5,247,sound
User4,296,shock
User4,634,sound
User3,418,shock
User4,878,light
User1,405,sound
User1,657,sound
User5,522,sound
User2,920,sound
User3,37,shock
User5,246,shock
User2,252,shock
User5,608,shock
User5,63,shock
User1,0,shock
User2,194,light
User4,289,shock
User4,390,sound
User5,628,light
User5,790,shock
User5,683,shock
User4,197,light
User1,814,light
User2,823,shock
User5,230,shock
User2,175,light
User1,520,shock
User5,993,light
User4,638,light
User2,673,shock
User2,413,light
User5,975,shock
User3,339,sound
User3,711,light
User3,752,shock
User2,498,shock
User2,606,shock
User5,198,light
User3,645,light
User2,3,light
User1,914,sound
User5,65,light
User3,909,sound
User2,770,shock
User1,959,shock
User5,992,shock
User4,34,shock
User1,788,sound
User5,107,light
User2,17,sound
User4,40,shock
User4,575,light
User5,12,light
User2,332,light
User2,898,sound
User3,121,light
User2,644,shock
User2,106,shock
User4,580,light
User4,258,shock
User4,267,shock
User4,341,sound
User2,895,sound
User4,469,shock
User1,388,light
User3,592,light
User5,1000,light
User3,963,sound
User1,816,light
User2,271,shock
User5,834,sound
User1,293,shock
User3,172,shock
User3,834,shock
User2,770,light
User1,631,light
User5,297,light
User3,965,sound
User4,923,shock
User4,225,sound
User2,712,sound
User2,672,light
User5,969,sound
User5,673,shock
User2,191,light
User5,434,shock
User3,618,sound
User5,615,sound
User5,249,light
User1,977,shock
User1,393,sound
User3,861,shock
User2,1000,sound
User1,746,sound
User5,652,light
User5,202,light
User4,474,shock
User5,189,light
User5,511,light
User2,175,light
User5,157,light
User3,687,sound
User5,636,light
User2,454,shock
User3,562,light
User3,478,sound
User3,139,sound
User5,225,sound
User5,39,shock
User3,265,light
User1,846,sound
User4,148,light
User4,684,shock
User4,201,sound
User1,37,sound
User5,793,light
User4,907,sound
User5,282,sound
User4,690,light
User2,480,light
User1,932,light
User5,578,shock
User5,180,sound
User3,615,light
User2,923,light
User4,580,shock
User2,459,shock
User4,463,shock
User2,625,shock
User3,846,light
User4,780,light
User3,88,shock
User3,207,shock
User5,788,sound
User4,173,sound
User5,574,light
User3,310,light
User4,828,sound
User3,90,light
User1,964,light
User2,972,shock
User3,326,sound
User2,509,sound
User1,694,light
User3,271,shock
User2,250,sound
User4,444,shock
User1,195,sound
User1,931,sound
User1,491,light
User5,3,light
User5,829,light
User2,264,light
User2,993,sound
User3,16,shock
User1,222,sound
User5,113,sound
User5,419,light
User4,264,shock
User5,927,light
User5,378,shock
User2,884,sound
User1,862,shock
User1,959,sound
User2,329,light
User4,358,shock
User5,745,shock
User4,349,sound
User2,869,shock
User1,778,shock
User1,492,sound
User2,13,sound
User2,396,light
User2,891,sound
User4,501,light
User3,519,shock
User3,86,sound
User4,102,shock
User3,519,shock
User1,752,light
User4,841,sound
User5,939,sound
User4,541,light
User2,821,light
User2,809,sound
User5,187,sound
User2,301,shock
User1,131,light
User1,838,shock
User2,218,sound
User4,77,sound
User4,396,sound
User1,274,sound
User1,989,shock
User2,104,sound
User2,659,light
User2,74,sound
User5,207,light
User5,689,sound
User5,852,light
User4,645,shock
User3,320,light
User5,56,light
User4,666,shock
User4,671,light
User5,304,shock
User3,544,sound
User4,228,shock
User1,606,shock
User1,756,shock
User5,401,shock
User1,217,light
User1,706,shock
User1,860,shock
User1,122,light
User1,542,shock
User4,960,shock
User5,737,shock
User3,977,shock
User2,465,shock
User3,790,light
User1,278,light
User5,778,shock
User2,375,sound
User2,702,light
User4,24,shock
User4,175,sound
User4,958,shock
User3,891,shock
User1,335,light
User3,650,sound
User4,863,sound
User1,589,light
User4,639,light
User1,811,light
User3,913,sound
User2,349,shock
User2,871,sound
User1,941,sound
User3,220,sound
User3,429,light
User2,107,shock
User5,635,shock
User5,606,sound
User4,908,shock
User2,135,light
User4,943,light
User3,124,sound
User2,199,sound
User4,91,sound
User1,505,light
User2,602,light
User1,861,sound
User4,443,light
User3,270,light
User5,948,sound
User5,490,shock
User2,445,light
User2,57,sound
User4,830,sound
User2,925,shock
User2,343,sound
User5,393,sound
User2,750,shock
User4,831,sound
User3,693,shock
User1,216,light
User3,922,shock
User1,93,shock
User2,40,shock
User3,427,sound
User3,447,shock
User5,596,sound
User5,477,sound
User3,243,shock
User5,128,light
User3,628,light
User1,808,sound
User2,97,light
User5,849,sound
User3,440,sound
User1,409,shock
User3,441,light
User3,587,sound
User2,906,sound
User5,29,sound
User4,594,light
User5,655,sound
User5,741,light
User2,948,sound
User1,226,light
User5,964,shock
User3,686,light
User2,244,light
User5,738,sound
User3,628,shock
User5,162,shock
User4,293,sound
User4,5,light
User2,969,sound
User4,956,shock
User5,550,shock
User3,802,light
User1,754,light
User3,453,sound
User3,649,light
User2,265,shock
User4,855,sound
User1,351,shock
User4,730,sound
User4,836,sound
User4,950,light
User5,461,shock
User1,818,sound
User3,257,sound
User1,861,light
User2,44,sound
User2,451,shock
User2,381,sound
User5,522,shock
User5,94,sound
User4,660,light
User2,102,shock
User4,231,sound
User2,706,light
User4,895,light
User3,590,shock
User2,767,light
User1,285,light
User4,309,sound
User4,892,sound
User3,956,shock
User3,952,sound
User3,644,shock
User5,911,sound
User5,803,shock
User5,950,shock
User3,169,shock
User4,808,light
User3,269,shock
User3,939,light
User5,22,sound
User5,499,shock
User1,803,sound
User3,948,shock
User5,106,sound
User4,136,shock
User4,139,light
User5,567,shock
User2,814,shock
User1,99,light
User2,640,shock
User5,479,sound
User3,613,light
User1,816,sound
User5,87,light
User5,717,light
User1,422,light
User4,774,sound
User3,569,sound
User3,605,light
User1,820,light
User2,124,shock
User2,126,sound
User3,739,sound
User1,184,sound
User4,796,shock
User3,699,sound
User5,142,shock
User2,185,shock
User5,597,light
User2,323,sound
User1,159,light
User2,361,light
User4,810,shock
User2,694,sound
User2,916,sound
User5,753,light
User3,344,shock
User3,743,shock
User5,4,shock
User5,766,sound
User4,37,shock
User4,62,shock
User4,429,light
User1,396,sound
User2,30,light
User5,688,sound
User3,442,light
User4,425,sound
User1,894,light
User1,897,shock
User4,431,shock
User2,322,light
User3,361,sound
User3,113,sound
User5,888,light
User4,6,sound
User2,610,shock
User3,166,shock
User3,62,light
User2,724,shock
User2,80,sound
User2,632,shock
User3,443,shock
User4,914,light
User5,932,sound
User1,283,sound
User1,281,light
User3,148,light
User2,782,sound
User2,861,light
User5,629,light
User1,54,light
User3,260,shock
User5,877,shock
User5,180,sound
User3,322,light
User5,269,sound
User1,209,sound
User5,97,light
User3,622,light
User2,974,light
User3,792,sound
User1,599,sound
User2,42,sound
User3,763,light
User5,200,shock
User4,284,sound
User3,394,shock
User5,18,sound
User5,837,sound
User2,103,sound
User2,531,light
User5,789,sound
User1,63,shock
User1,330,light
User5,126,sound
User3,432,shock
User2,773,light
User1,391,shock
User3,137,sound
User3,629,sound
User1,974,sound
User5,196,light
User2,793,shock
User1,550,light
User2,816,sound
User4,67,light
User1,553,sound
User2,867,sound
User3,245,sound
User3,583,shock
User5,288,sound
User4,35,sound
User1,342,light
User4,792,shock
User4,930,shock
User4,149,shock
User3,863,shock
User3,365,light
User2,529,sound
User3,226,sound
User4,331,light
User4,871,light
User2,608,light
User1,979,sound
User3,292,shock
User5,492,sound
User1,914,light
User5,131,light
User2,164,light
User3,0,light
User3,53,light
User3,337,shock
User5,224,shock
User4,796,light
User3,788,shock
User4,516,light
User4,977,light
User5,719,shock
User2,215,shock
User1,87,sound
User2,762,shock
User3,532,shock
User2,484,light
User4,346,sound
User3,117,sound
User2,232,light
User4,83,shock
User4,324,shock
User1,697,sound
User1,245,sound
User5,507,shock
User4,43,shock
User5,514,light
User5,593,sound
User1,625,sound
User3,288,sound
User5,571,shock
User2,499,light
User3,645,sound
User2,186,shock
User2,181,shock
User5,652,sound
User4,37,light
User2,874,shock
User4,838,light
User3,699,shock
User3,571,light
User4,757,shock
User3,820,light
User1,417,shock
User4,43,light
User4,647,light
User4,318,shock
User1,83,light
User1,161,shock
User2,66,sound
User1,490,shock
User2,632,sound
User1,461,shock
User4,659,shock
User2,723,shock
User5,599,shock
User1,169,shock
User1,628,light
User5,381,light
User5,926,sound
User5,737,shock
User4,644,shock
User1,244,shock
User2,436,light
User1,530,light
User5,376,shock
User2,793,light
User3,643,light
User4,102,sound
User4,706,shock
User4,925,light
User3,989,light
User4,541,light
User2,220,shock
User3,655,light
User5,764,shock
User1,38,shock
User1,391,sound
User4,469,light
User3,515,light
User4,818,sound
User2,468,sound
User1,482,light
User1,323,light
User4,160,shock
User2,271,shock
User3,592,light
User3,495,light
User3,286,shock
User5,68,light
User1,571,shock
User5,636,shock
User5,802,sound
User4,950,shock
User2,565,sound
User1,529,shock
User5,628,light
User4,789,shock
User2,307,sound
User2,733,sound
User3,621,shock
User4,592,shock
User4,527,shock
User5,967,sound
User5,115,shock
User4,711,light
User1,767,shock
User3,853,sound
User2,936,shock
User3,996,sound
User5,293,shock
User3,36,shock
User1,835,sound
User2,905,shock
User3,306,sound
User5,798,shock
User5,494,shock
User3,751,light
User3,254,shock
User4,298,shock
User2,613,light
User3,434,sound
User5,277,sound
User3,939,shock
User1,769,sound
User3,83,sound
User3,827,light
User2,891,light
User3,697,shock
User5,734,sound
User2,776,sound
User2,936,light
User3,99,shock
User5,525,shock
User4,123,sound
User4,99,shock
User4,409,sound
User1,323,sound
User5,529,sound
User4,615,light
User1,187,sound
User3,497,shock
User3,990,sound
User1,431,sound
User4,599,sound
User1,572,light
User1,994,shock
User5,699,shock
User2,343,light
User5,842,sound
User2,391,shock
User2,407,light
User5,38,light
User2,317,light
User5,751,shock
User1,600,sound
User3,632,sound
User5,908,sound
User4,93,light
User4,608,sound
User2,758,shock
User4,839,light
User4,915,sound
User5,417,sound
User2,483,shock
User1,351,shock
User2,978,shock
User5,596,shock
User5,98,shock
User3,831,light
User1,495,sound
User5,347,sound
User2,44,shock
User3,222,sound
User4,436,sound
User2,293,sound
User5,665,sound
User3,563,light
User1,983,shock
User2,865,shock
User2,289,sound
User2,827,shock
User2,773,shock
User1,896,sound
User3,637,sound
User5,805,light
User4,168,sound
User5,622,sound
User2,712,shock
User2,281,shock
User4,937,shock
User5,44,light
User4,790,light
User4,506,sound
User2,320,light
User3,58,sound
User5,345,shock
User5,288,shock
User1,112,light
User5,95,sound
User3,678,shock
User1,170,sound
User2,207,sound
User1,881,light
User5,670,sound
User5,429,light
User1,338,light
User4,787,light
User1,518,shock
User5,659,shock
User2,259,shock
User1,200,sound
User5,685,light
User5,302,shock
User5,320,sound
User2,889,light
User5,247,shock
User1,982,shock
User3,922,light
User1,801,sound
User5,420,shock
User3,91,sound
User5,911,shock
User2,248,sound
User2,451,shock
User5,75,sound
User1,351,shock
User5,174,light
User1,432,shock
User5,59,light
User5,443,shock
User5,887,light
User4,656,light
User3,450,sound
User5,723,shock
User3,83,sound
User1,660,sound
User1,833,shock
User5,796,shock
User3,244,shock
User3,238,shock
User2,604,shock
User4,442,light
User5,994,shock
User3,188,light
User3,718,shock
User5,836,light
User3,624,light
User2,34,light
User1,74,sound
User1,211,light
User3,900,light
User5,175,shock
User1,639,sound
User3,432,sound
User3,878,light
User4,359,shock
User4,971,sound
User3,244,shock
User2,187,shock
User3,566,light
User1,863,shock
User4,840,shock
User1,189,light
User3,392,sound
User2,798,shock
User2,450,light
User3,491,sound
User4,747,sound
User1,8,light
User1,250,sound
User1,526,light
User3,766,shock
User5,72,shock
User5,293,sound
User3,871,sound
User2,761,light
User2,506,shock
User4,468,sound
User2,625,light
User4,980,sound
User3,323,light
User1,129,shock
User3,671,shock
User3,452,light
User1,237,sound
User5,57,sound
User5,134,sound
User4,161,sound
User4,540,sound
User3,474,shock
User4,432,light
User2,392,light
User2,672,shock
User2,26,light
User2,986,sound
User2,882,light
User2,48,light
User1,544,shock
User2,100,shock
User1,512,sound
User2,280,shock
User4,731,shock
User1,52,shock
User4,635,sound
User5,245,shock
User3,773,light
User2,703,light
User2,90,shock
User2,917,shock
User3,516,sound
User4,450,sound
User5,21,shock
User3,124,light
User2,562,sound
User3,875,sound
User5,595,shock
User1,259,light
User4,63,light
User3,920,shock
User3,390,shock
User4,753,light
User1,890,light
User1,575,shock
User4,940,light
User3,61,light
User1,819,light
User3,902,light
User5,899,shock
User1,929,shock
User3,549,shock
User3,19,sound
User2,927,sound
User3,631,light
User5,445,sound
User4,448,shock
User4,328,shock
User5,684,sound
User2,301,light
User4,551,shock
User1,588,sound
User4,821,sound
User3,211,shock
User1,914,shock
User4,625,sound
User3,522,shock
User2,225,light
User2,193,light
User2,873,shock
User3,676,shock
User5,97,shock
User2,832,light
User3,224,sound
User5,522,sound
User5,306,sound
User4,892,sound
User1,611,sound
User3,570,sound
User4,456,sound
User5,144,light
User5,131,sound
User2,728,light
User1,125,sound
User2,958,shock
User5,555,shock
User1,983,shock
User1,683,shock
User4,184,sound
User4,811,sound
User3,518,shock
User1,828,shock
User2,96,light
User2,17,sound
User1,280,light
User4,626,light
User4,652,light
User5,866,light
User4,36,sound
User3,872,shock
User3,838,light
User3,191,sound
User2,625,light
User5,841,sound
User3,69,sound
User3,891,sound
User4,783,sound
User1,237,shock
User2,190,light
User3,271,sound
User1,846,light
User5,172,light
User4,36,sound
User4,493,shock
User5,146,shock
User1,979,shock
User3,351,shock
User2,184,light
User5,125,light
User5,479,light
User3,585,light
User2,929,light
User3,194,sound
User3,461,sound
User1,160,shock
User2,543,sound
User2,6,sound
User5,319,light
User2,107,shock
User1,599,light
User5,870,shock
User4,74,sound
User4,469,light
User1,19,sound
User5,587,light
User1,702,light
User1,489,shock
User3,80,sound
User2,469,shock
User3,480,shock
User2,758,light
User5,535,sound
User3,644,light
User3,713,light
User5,939,sound
User1,348,light
User1,513,sound
User1,646,shock
User2,691,light
User5,533,shock
User5,310,sound
User2,391,shock
User1,103,sound
User4,658,sound
User3,560,shock
User1,801,light
User2,819,shock
User3,666,light
User1,312,sound
User2,356,sound
User5,917,light
User3,303,light
User4,223,sound
User1,382,sound
User4,284,shock
User1,833,light
User4,562,light
User1,420,sound
User5,205,light
User2,480,light
User3,953,shock
User2,5,light
User5,391,shock
User4,570,shock
User5,633,shock
User5,419,sound
User4,470,light
User2,640,light
User1,434,sound
User5,676,sound
User5,183,sound
User2,473,sound
User2,1,shock
User2,73,light
User4,267,sound
User5,812,shock
User3,666,light
User2,203,sound
User2,206,shock
User4,663,light
User4,761,shock
User1,281,sound
User5,498,sound
User3,458,shock
User4,833,sound
User1,828,light
User4,466,shock
User2,581,light
User4,760,sound
User4,229,sound
User3,594,shock
User2,503,light
User2,383,light
User3,790,shock
User3,897,sound
User3,284,sound
User5,467,light
User5,303,light
User1,224,shock
User3,282,sound
User2,64,shock
User2,721,light
User1,840,sound
User2,957,sound
User4,237,sound
User3,161,sound
User5,854,light
User5,794,sound
User1,118,light
User4,116,sound
User5,270,sound
User3,239,light
User4,696,light
User5,458,shock
User3,257,sound
User3,743,light
User5,655,sound
User3,341,sound
User3,824,shock
User1,348,light
User5,282,light
User2,160,shock
User5,43,shock
User3,904,shock
User3,436,sound
User1,550,light
User2,985,light
User4,593,sound
User2,641,light
User1,538,light
User5,999,sound
User2,283,sound
User4,404,shock
User4,863,shock
User1,715,light
User2,725,light
User2,752,light
User5,701,sound
User4,888,sound
User3,730,light
User1,999,shock
User1,383,light
User1,861,light
User4,598,light
User1,909,shock
User3,529,shock
User3,480,sound
User3,14,sound
User5,845,shock
User1,624,shock
User5,610,light
User2,791,sound
User3,924,sound
User5,624,shock
User4,522,sound
User4,684,shock
User1,522,sound
User1,952,sound
User1,969,light
User2,490,shock
User5,583,light
User1,124,shock
User2,1000,light
User3,206,sound
User4,776,shock
User5,98,sound
User3,41,sound
User1,549,shock
User4,460,shock
User4,795,sound
User4,323,shock
User1,550,sound
User5,438,sound
User5,872,shock
User2,320,shock
User2,934,sound
User4,781,shock
User2,632,light
User1,131,shock
User1,563,shock
User2,169,light
User4,569,light
User5,969,sound
User4,428,shock
User4,320,shock
User5,202,light
User1,517,shock
User1,219,shock
User1,600,shock
User2,353,sound
User2,188,sound
User5,570,sound
User1,99,light
User2,325,light
User3,644,sound
User2,928,light
User4,426,shock
User2,83,sound
User5,673,sound
User2,969,light
User3,369,light
User1,828,sound
User5,213,shock
User2,536,shock
User4,194,shock
User5,291,shock
User1,564,light
User2,593,shock
User1,448,sound
User4,260,shock
User3,946,light
User2,652,shock
User2,421,shock
User1,532,light
User1,165,sound
User2,550,light
User3,107,sound
User1,51,light
User1,684,shock
User5,923,sound
User2,829,sound
User5,887,light
User4,271,light
User5,264,shock
User5,409,shock
User2,786,sound
User3,730,light
User5,184,light
User5,728,shock
User2,639,shock
User3,840,sound
User3,623,sound
User1,330,shock
User2,751,light
User2,374,shock
User5,564,sound
User3,870,sound
User4,439,light
User4,300,light
User3,170,light
User2,14,shock
User5,202,shock
User2,885,shock
User3,188,sound
User3,353,shock
User3,678,light
User3,396,sound
User2,431,sound
User1,889,light
User2,632,light
User4,93,sound
User4,661,shock
User1,814,shock
User4,474,sound
User3,649,light
User4,684,sound
User1,458,shock
User2,139,light
User5,34,sound
User3,707,shock
User2,542,shock
User3,272,shock
User2,616,shock
User1,89,shock
User3,310,sound
User5,325,sound
User3,58,sound
User2,872,sound
User2,216,sound
User1,195,light
User1,524,sound
User4,418,shock
User1,516,shock
User2,822,shock
User4,984,light
User1,700,shock
User1,470,shock
User3,347,light
User4,370,shock
User4,794,sound
User5,787,sound
User2,730,shock
User2,160,sound
User5,248,shock
User4,572,sound
User1,343,sound
User1,721,shock
User1,136,light
User3,895,shock
User3,554,sound
User2,992,sound
User4,852,shock
User1,342,sound
User2,529,shock
User3,396,shock
User4,518,light
User4,911,sound
User1,351,sound
User4,664,sound
User5,432,shock
User2,630,sound
User3,361,light
User2,64,light
User5,421,light
User3,801,light
User3,627,sound
User3,734,shock
User3,356,light
User2,928,sound
User5,162,light
User3,123,sound
User1,203,light
User5,14,sound
User3,191,shock
User4,734,light
User4,353,shock
User4,286,sound
User5,716,shock
User3,151,sound
User5,422,light
User3,110,light
User5,30,light
User4,19,light
User2,647,shock
User1,446,shock
User4,816,shock
User3,25,light
User2,133,sound
User4,44,sound
User4,930,shock
User5,385,shock
User1,977,shock
User4,871,light
User4,779,light
User1,874,sound
User4,195,light
User1,769,sound
User1,363,shock
User5,991,light
User2,868,shock
User4,711,shock
User1,362,light
User5,872,sound
User3,688,shock
User4,227,sound
User3,724,sound
User2,10,light
User4,474,shock
User2,673,light
User4,555,sound
User5,94,sound
User3,454,shock
User2,80,light
User2,302,sound
User3,644,shock
User5,584,shock
User2,376,shock
User3,267,sound
User5,592,light
User4,41,light
User2,379,light
User2,902,shock
User1,6,light
User3,794,sound
User3,22,shock
User4,639,light
User3,705,sound
User1,228,shock
User1,465,light
User4,492,light
User4,844,shock
User5,851,light
User1,680,light
User3,610,shock
User4,681,sound
User1,944,light
User5,655,sound
User1,195,shock
User2,548,shock
User3,415,light
User2,136,shock
User3,204,light
User3,104,sound
User5,364,light
User5,215,sound
User3,909,light
User4,422,sound
User4,865,shock
User4,8,shock
User5,266,shock
User5,808,sound
User4,524,light
User1,131,shock
User2,196,shock
User4,417,sound
User5,559,sound
User3,722,light
User3,622,sound
User4,357,shock
User3,78,light
User2,7,sound
User1,397,sound
User5,135,sound
User3,208,sound
User3,725,light
User5,493,shock
User1,676,shock
User4,676,sound
User5,448,shock
User2,526,sound
User5,566,sound
User4,206,shock
User4,532,light
User4,140,shock
User1,382,sound
User4,564,sound
User2,720,shock
User4,968,sound
User1,126,sound
User4,953,sound
User2,830,shock
User5,121,shock
User1,535,sound
User4,426,shock
User5,443,light
User1,814,sound
User5,122,sound
User5,37,shock
User2,692,light
User2,206,shock
User3,880,light
User1,507,light
User4,594,sound
User2,890,shock
User3,578,shock
User2,581,sound
User5,209,sound
User2,206,light
User1,239,sound
User1,80,shock
User5,688,sound
User1,205,sound
User2,21,light
User2,354,shock
User5,562,sound
User5,731,sound
User1,825,light
User3,244,light
User4,971,sound
User5,252,sound
User2,858,light
User1,143,sound
User3,442,shock
User5,121,light
User4,218,light
User1,614,light
User3,626,light
User5,982,light
User2,988,light
User3,561,light
User5,467,shock
User5,793,sound
User1,665,light
User5,41,sound
User1,703,sound
User5,185,light
User1,340,light
User4,843,shock
User4,52,light
User4,687,sound
User3,971,sound
User1,672,sound
User3,619,shock
User4,60,sound
User3,963,shock
User2,820,sound
User5,924,shock
User4,765,shock
User3,765,sound
User4,833,shock
User2,56,shock
User2,507,light
User3,120,shock
User2,594,shock
User5,26,sound
User5,974,shock
User3,172,light
User1,4,sound
User2,753,light
User3,561,light
User2,898,sound
User2,876,sound
User4,925,shock
User4,638,light
User2,712,light
User2,204,shock
User4,145,shock
User4,184,light
User5,441,light
User1,373,sound
User5,258,light
User1,793,light
User3,858,light
User4,52,shock
User4,190,light
User1,251,light
User5,18,shock
User1,76,light
User5,254,shock
User1,597,light
User5,679,shock
User5,203,shock
User1,861,light
User3,136,shock
User5,363,sound
User3,961,sound
User2,893,shock
User5,679,shock
User5,342,light
User5,535,light
User4,211,shock
User1,315,sound
User2,335,light
User5,114,shock
User4,357,sound
User4,782,light
User4,749,sound
User2,213,light
User3,772,sound
User3,508,shock
User5,270,light
User1,983,sound
User1,850,light
User3,530,shock
User4,264,sound
User2,671,sound
User4,716,shock
User4,713,shock
User3,332,sound
User4,646,light
User5,763,shock
User5,827,shock
User4,545,light
User3,572,light
User3,749,shock
User3,810,light
User1,313,light
User5,699,shock
User4,806,sound
User3,311,sound
User1,557,shock
User5,131,sound
User3,97,shock
User1,829,shock
User1,591,sound
User4,674,shock
User4,818,sound
User5,54,light
User1,21,light
User2,761,sound
User2,281,light
User3,197,light
User2,88,light
User2,709,sound
User5,985,shock
User2,885,sound
User5,631,sound
User4,537,shock
User5,142,shock
User5,269,sound
User1,287,shock
User3,841,shock
User4,42,sound
User4,205,shock
User3,250,sound
User1,586,shock
User2,171,light
User5,367,light
User5,297,light
User1,52,sound
User4,993,shock
User4,646,light
User1,181,sound
User1,431,sound
User3,563,sound
User1,441,light
User2,946,shock
User5,719,light
User5,818,sound
User1,195,shock
User2,833,light
User4,936,shock
User5,371,light
User2,267,light
User1,95,light
User3,779,light
User2,62,sound
User2,440,light
User4,757,shock
User4,206,sound
User2,661,shock
User5,540,light
User1,627,light
User2,812,sound
User5,223,light
User5,804,shock
User2,902,light
User2,773,sound
User2,57,light
User5,5,light
User5,956,light
User3,889,shock
User4,64,shock
User3,88,shock
User3,426,sound
User5,269,shock
User1,406,light
User3,332,light
User5,851,shock
User1,288,light
User3,900,shock
User4,282,sound
User1,383,shock
User4,269,sound
User5,433,light
User4,398,light
User2,900,light
User1,641,shock
User2,50,shock
User4,61,sound
User1,294,light
User2,274,shock
User1,379,light
User1,43,sound
User4,534,shock
User5,23,shock
User1,672,light
User1,197,light
User5,213,sound
User2,435,light
User4,802,shock
User2,937,shock
User3,120,sound
User4,254,shock
User1,889,shock
User4,44,sound
User4,669,light
User5,571,light
User2,762,shock
User1,776,sound
User4,424,light
User3,586,sound
User1,148,light
User4,387,sound
User1,785,shock
User3,66,light
User1,204,sound
User5,185,light
User4,835,shock
User1,215,light
User1,28,shock
User4,783,sound
User1,594,sound
User3,868,light
User1,426,shock
User5,296,sound
User5,330,shock
User4,704,sound
User1,166,sound
User1,925,shock
User5,901,light
User3,144,light
User1,407,sound
User5,905,shock
User1,980,shock
User5,595,shock
User5,532,sound
User3,164,sound
User5,826,sound
User4,772,shock
User1,190,sound
User3,322,sound
User1,627,shock
User2,48,light
User3,448,light
User1,722,light
User1,343,shock
User3,950,sound
User5,819,light
User5,714,shock
User3,215,light
User5,129,sound
User3,240,sound
User1,188,sound
User4,190,sound
User3,940,sound
User1,441,light
User4,941,light
User2,226,sound
User3,48,shock
User5,629,light
User5,435,sound
User2,300,light
User2,959,sound
User4,332,sound
User2,754,sound
User1,555,shock
User1,106,light
User3,567,light
User4,877,light
User4,163,sound
User2,202,light
User5,257,light
User1,59,shock
User3,117,shock
User1,293,light
User1,585,shock
User4,115,sound
User5,192,sound
User5,75,sound
User4,40,light
User5,18,light
User3,454,sound
User4,168,light
User3,980,light
User2,558,sound
User3,516,light
User5,487,light
User2,252,sound
User3,905,shock
User1,454,sound
User3,53,shock
User2,376,light
User4,447,sound
User4,947,shock
User4,955,shock
User5,669,light
User1,380,light
User4,337,light
User1,949,light
User3,921,sound
User3,256,sound
User5,420,shock
User5,94,light
User1,516,sound
User2,520,light
User1,357,light
User3,157,sound
User1,612,light
User1,411,shock
User1,880,light
User3,365,light
User2,77,shock
User3,160,shock
User2,265,shock
User2,891,light
User5,613,sound
User5,935,light
User3,987,shock
User2,92,shock
User2,852,shock
User5,655,sound
User1,930,sound
User2,425,sound
User3,854,light
User3,658,sound
User2,380,sound
User2,744,shock
User1,66,shock
User2,915,sound
User3,761,shock
User4,298,sound
User1,593,sound
User2,754,light
User2,409,shock
User3,361,shock
User1,640,light
User2,264,sound
User5,804,sound
User5,47,sound
User3,206,shock
User3,347,light
User3,142,light
User4,479,sound
User3,38,light
User2,827,shock
User2,924,shock
User3,691,shock
User1,667,sound
User1,965,light
User3,159,sound
User2,549,shock
User1,472,sound
User5,665,sound
User5,146,shock
User5,642,sound
User1,599,shock
User1,522,sound
User5,430,light
User1,714,shock
User1,415,sound
User2,720,sound
User1,389,light
User4,477,light
User3,196,sound
User5,391,light
User3,361,light
User5,720,light
User2,264,sound
User4,233,sound
User2,863,shock
User4,499,sound
User4,913,shock
User5,742,shock
User3,452,sound
User5,10,light
User2,164,shock
User5,614,shock
User3,938,light
User2,382,shock
User3,620,light
User2,480,light
User4,510,shock
User2,677,light
User5,698,light
User3,293,light
User2,675,sound
User1,646,sound
User4,330,shock
User3,987,shock
User4,699,light
User2,61,sound
User3,218,sound
User5,561,shock
User3,171,sound
User5,951,light
User3,484,sound
User3,868,shock
User5,976,light
User4,804,sound
User4,664,shock
User3,923,shock
User4,330,sound
User1,287,sound
User4,337,shock
User2,219,light
User2,832,sound
User4,928,light
User4,108,light
User1,885,shock
User3,653,shock
User4,631,sound
User3,903,shock
User2,722,light
User3,989,shock
User3,309,light
User4,95,light
User3,9,shock
User4,242,shock
User1,585,sound
User1,398,shock
User4,585,shock
User5,582,light
User5,216,shock
User1,789,shock
User3,6,shock
User3,713,light
User1,824,light
User2,172,shock
User5,399,shock
User4,820,shock
User4,445,light
User3,17,light
User1,817,shock
User5,75,light
User4,978,shock
User3,367,sound
User4,728,shock
User1,954,shock
User2,487,light
User2,62,light
User2,128,sound
User5,927,light
User5,934,shock
User1,179,light
User2,464,light
User4,681,shock
User4,777,sound
User5,365,shock
User2,392,sound
User3,501,sound
User3,365,shock
User3,544,light
User2,587,sound
User2,279,shock
User1,204,shock
User3,736,sound
User1,240,shock
User5,371,shock
User1,37,light
User4,44,shock
User5,322,sound
User1,930,light
User1,324,sound
User4,71,shock
User3,996,sound
User2,713,sound
User5,797,shock
User2,478,shock
User3,640,light
User2,576,shock
User3,740,light
User5,75,shock
User4,526,light
User3,430,light
User2,37,shock
User4,662,sound
User3,139,light
User2,467,light
User1,767,sound
User1,365,shock
User3,394,sound
User3,881,shock
User4,997,sound
User1,37,sound
User5,965,shock
User3,795,light
User5,866,sound
User4,603,sound
User3,71,light
User1,572,shock
User1,81,light
User4,433,light
User1,32,sound
User5,681,shock
User3,661,sound
User2,100,shock
User2,519,sound
User1,537,sound
User5,315,shock
User3,833,sound
User1,890,shock
User3,168,shock
User3,130,shock
User2,981,light
User2,115,sound
User4,793,shock
User4,985,shock
User4,236,light
User2,183,light
User4,771,shock
User4,604,light
User2,841,light
User4,537,sound
User2,482,sound
User2,238,shock
User5,247,light
User4,235,light
User1,334,light
User5,814,shock
User3,601,light
User2,378,light
User3,395,shock
User5,317,light
User3,146,sound
User3,489,light
User3,931,shock
User4,728,sound
User3,948,sound
User2,409,sound
User2,71,sound
User1,561,light
User4,509,sound
User2,305,light
User3,61,sound
User5,427,light
User1,324,light
User3,400,light
User4,885,sound
User5,896,sound
User4,329,light
User1,544,shock
User2,53,light
User2,48,light
User1,917,light
User5,587,shock
User1,377,sound
User4,944,shock
User1,842,shock
User3,981,sound
User4,715,shock
User5,193,light
User3,429,shock
User2,537,sound
User4,912,light
User2,421,shock
User3,66,sound
User4,509,light
User3,886,shock
User2,129,light
User1,815,light
User3,43,shock
User2,920,shock
User4,974,shock
User2,650,shock
User3,496,light
User5,346,sound
User1,804,sound
User5,763,shock
User1,109,light
User1,650,sound
User2,165,shock
User2,912,sound
User3,614,light
User5,962,shock
User5,88,shock
User1,70,sound
User3,255,shock
User5,762,light
User5,879,shock
User5,146,shock
User5,33,shock
User4,863,sound
User2,778,light
User4,896,shock
User5,133,shock
User1,536,sound
User2,316,light
User1,583,sound
User2,33,shock
User4,509,sound
User1,306,light
User3,204,light
User4,495,shock
User5,298,sound
User2,54,light
User4,741,light
User5,465,sound
User4,457,sound
User2,962,sound
User3,38,sound
User1,465,shock
User4,703,light
User4,460,light
User4,917,sound
User2,931,light
User3,417,shock
User4,638,shock
User1,1,shock
User3,116,sound
User2,48,sound
User1,630,shock
User5,242,sound
User3,863,sound
User5,674,sound
User4,973,sound
User2,287,light
User4,621,shock
User2,690,sound
User4,766,light
User1,389,shock
User1,858,light
User5,339,sound
User3,18,sound
User1,77,shock
User4,684,shock
User4,812,shock
User1,336,shock
User5,244,sound
User4,885,light
User5,252,sound
User4,158,shock
User4,222,sound
User5,282,shock
User4,802,shock
User2,376,light
User3,708,sound
User5,579,sound
User4,457,shock
User4,595,light
User2,117,light
User1,933,sound
User3,72,shock
User4,966,shock
User5,25,light
User5,374,shock
User3,2,sound
User3,474,light
User2,679,sound
User4,453,light
User4,292,light
User5,489,light
User4,82,light
User4,641,shock
User2,105,light
User2,509,sound
User3,832,light
User2,183,shock
User3,704,light
User3,253,light
User1,797,sound
User2,690,shock
User4,294,light
User1,802,shock
User4,259,sound
User4,894,light
User5,605,shock
User3,768,sound
User3,493,sound
User3,851,shock
User4,540,light
User3,869,light
User1,112,shock
User1,520,sound
User3,78,light
User4,205,light
User5,836,light
User3,914,shock
User1,486,sound
User4,319,sound
User2,616,sound
User5,902,shock
User2,723,shock
User5,687,shock
User5,214,sound
User4,477,light
User2,334,light
User4,68,shock
User1,127,light
User5,244,sound
User4,794,shock
User1,465,sound
User2,854,sound
User2,381,light
User1,847,shock
User2,638,light
User2,819,shock
User3,40,sound
User4,997,sound
User1,226,shock
User1,516,light
User1,425,shock
User5,487,sound
User2,776,light
User2,652,shock
User4,584,light
User2,245,sound
User4,800,sound
User1,193,shock
User5,725,sound
User2,407,light
User1,351,sound
User4,898,light
User3,886,light
User2,604,sound
User2,629,shock
User5,145,sound
User2,641,sound
User3,541,light
User3,576,sound
User5,592,shock
User3,157,light
User3,757,shock
User3,337,shock
User2,889,shock
User5,19,light
User4,247,light
User1,454,sound
User3,398,shock
User3,244,sound
User1,821,shock
User3,21,shock
User2,672,sound
User1,497,sound
User5,747,sound
User5,257,shock
User1,397,sound
User2,363,light
User3,634,light
User4,804,shock
User2,638,shock
User5,637,sound
User4,14,shock
User5,235,shock
User5,719,sound
User1,422,shock
User5,416,light
User4,962,light
User3,295,sound
User3,340,light
User5,929,light
User5,589,shock
User4,515,light
User1,115,shock
User3,925,shock
User4,470,light
User2,4,sound
User2,796,shock
User4,690,sound
User2,346,sound
User4,26,shock
User3,680,sound
User2,876,sound
User5,123,light
User2,853,light
User2,783,light
User3,515,sound
User1,511,shock
User4,963,light
User5,1000,sound
User4,728,sound
User3,600,light
User4,185,light
User5,51,sound
User2,414,shock
User5,23,light
User3,464,sound
User1,707,shock
User1,463,sound
User5,978,shock
User5,314,shock
User3,828,shock
User5,824,light
User3,329,shock
User2,137,light
User3,530,sound
User2,348,sound
User2,328,light
User1,911,sound
User1,674,sound
User4,45,shock
User4,8,sound
User4,648,shock
User2,629,sound
User3,709,light
User1,22,light
User1,633,sound
User4,230,sound
User2,824,shock
User2,288,shock
User3,207,light
User3,703,light
User4,532,light
User4,845,light
User3,139,light
User5,830,sound
User3,575,shock
User4,540,sound
User3,111,light
User5,841,light
User1,220,light
User5,704,light
User3,337,shock
User5,395,sound
User3,347,light
User5,932,light
User4,962,sound
User5,994,shock
User3,90,shock
User5,712,sound
User1,407,sound
User3,328,shock
User5,172,sound
User3,879,sound
User1,797,shock
User1,471,light
User1,666,shock
User2,880,shock
User2,129,sound
User2,759,shock
User5,100,shock
User1,290,light
User2,337,shock
User5,834,shock
User2,325,sound
User2,214,light
User4,766,light
User2,873,sound
User3,59,shock
User2,977,shock
User3,20,sound
User2,346,sound
User2,311,sound
User2,443,shock
User5,456,light
User3,648,shock
User3,450,shock
User3,36,light
User1,300,shock
User4,808,sound
User2,247,sound
User5,376,shock
User2,429,shock
User5,0,sound
User3,407,shock
User1,134,sound
User3,128,light
User1,968,light
User1,896,shock
User4,22,shock
User3,116,light
User5,100,shock
User2,745,sound
User3,844,sound
User5,599,sound
User4,199,light
User1,666,shock
User3,323,sound
User4,367,sound
User5,788,light
User2,279,shock
User4,701,shock
User2,769,light
User4,148,sound
User1,514,sound
User5,853,shock
User5,793,shock
User5,620,shock
User1,264,light
User4,296,light
User4,241,light
User1,170,light
User3,595,light
User2,461,shock
User4,531,light
User5,689,shock
User1,887,shock
User4,196,shock
User4,838,shock
User5,53,sound
User2,244,sound
User4,96,sound
User3,496,sound
User2,607,sound
User2,218,shock
User2,411,sound
User5,396,shock
User5,440,light
User1,300,shock
User2,491,shock
User2,406,light
User5,716,shock
User1,847,light
User2,355,sound
User4,565,shock
User1,836,light
User4,74,light
User2,316,sound
User4,874,sound
User4,350,shock
User3,923,light
User1,905,sound
User3,597,sound
User2,838,shock
User2,506,light
User4,637,sound
User3,593,light
User5,117,shock
User1,63,light
User3,577,light
User3,836,light
User3,146,light
User4,283,shock
User4,90,shock
User4,8,light
User2,449,sound
User3,385,shock
User1,462,shock
User3,765,light
User3,560,sound
User4,415,sound
User1,994,shock
User3,234,sound
User3,294,shock
User3,202,light
User2,876,shock
User5,92,sound
User1,274,light
User5,149,shock
User5,336,shock
User4,574,sound
User1,114,sound
User3,417,sound
User5,170,light
User2,516,light
User5,755,light
User1,357,light
User4,444,sound
User2,563,shock
User2,503,shock
User3,893,sound
User1,501,sound
User1,12,shock
User1,478,light
User5,883,shock
User5,157,sound
User1,528,light
User3,560,shock
User4,302,light
User4,473,sound
User4,933,sound
User3,887,shock
User2,517,light
User5,582,shock
User2,332,sound
User4,863,sound
User3,228,shock
User5,987,sound
User5,195,sound
User1,289,shock
User5,708,shock
User5,593,light
User1,110,light
User5,349,shock
User3,300,shock
User3,301,light
User1,155,sound
User5,637,shock
User2,875,shock
User1,496,sound
User2,642,shock
User5,792,light
User1,777,sound
User5,625,sound
User5,141,sound
User4,675,light
User2,492,sound
User4,933,shock
User5,592,shock
User1,619,sound
User4,267,light
User5,666,sound
User1,927,sound
User5,707,shock
User4,149,sound
User2,418,shock
User1,407,light
User4,941,sound
User3,182,sound
User5,25,sound
User1,151,shock
User3,382,sound
User1,193,light
User4,412,sound
User1,649,light
User3,766,shock
User2,824,light
User4,487,light
User3,454,light
User3,402,light
User5,209,light
User3,347,shock
User2,114,light
User1,871,shock
User3,871,light
User5,206,shock
User3,100,light
User3,159,light
User4,57,sound
User4,559,light
User4,469,light
User3,89,shock
User5,338,shock
User2,891,shock
User1,665,light
User5,758,shock
User3,981,shock
User2,986,light
User5,127,sound
User3,523,light
User3,623,sound
User2,790,shock
User5,84,light
User1,756,shock
User2,276,light
User4,361,light
User5,749,shock
User4,215,light
User3,805,shock
User2,442,sound
User5,619,shock
User3,964,shock
User2,452,shock
User3,200,light
User2,996,sound
User5,220,shock
User2,549,sound
User2,262,light
User3,903,shock
User3,97,sound
User3,314,shock
User5,976,shock
User3,89,shock
User3,300,light
User3,176,shock
User4,720,light
User2,759,light
User2,485,shock
User3,713,shock
User1,831,sound
User3,110,shock
User2,892,shock
User4,677,shock
User4,398,light
User2,437,shock
User2,146,light
User1,914,sound
User3,336,shock
User3,204,sound
User1,147,light
User1,730,shock
User2,424,shock
User5,88,shock
User4,109,sound
User4,127,sound
User1,999,shock
User4,371,shock
User5,792,shock
User4,735,sound
User2,238,light
User1,940,light
User4,290,shock
User4,234,shock
User1,479,sound
User3,129,shock
User5,298,light
User5,1,sound
User5,575,shock
User5,97,shock
User3,383,sound
User3,256,sound
User4,948,shock
User1,575,sound
User2,399,sound
User1,126,shock
User5,423,light
User1,523,sound
User4,230,sound
User5,736,sound
User1,600,sound
User2,992,shock
User3,295,light
User5,313,sound
User1,269,sound
User1,633,sound
User2,975,light
User4,668,sound
User5,571,light
User2,170,light
User3,461,shock
User4,456,light
User5,448,sound
User5,211,sound
User3,352,light
User2,916,light
User3,491,sound
User2,750,sound
User3,957,shock
User1,677,shock
User4,796,shock
User1,234,shock
User4,87,light
User4,363,light
User3,199,shock
User3,188,light
User1,332,light
User2,889,shock
User2,60,light
User3,934,light
User1,282,sound
User4,68,sound
User2,985,light
User4,301,light
User1,435,light
User1,880,shock
User1,57,shock
User1,332,sound
User3,443,shock
User1,100,sound
User3,241,shock
User1,134,shock
User3,709,shock
User4,147,shock
User3,890,light
User1,130,light
User5,278,shock
User4,717,sound
User2,166,shock
User3,949,light
User5,520,sound
User4,57,shock
User5,491,shock
User3,54,light
User4,181,sound
User2,221,sound
User4,335,shock
User2,356,light
User2,965,shock
User5,664,light
User5,771,shock
User3,974,sound
User1,477,light
User4,278,light
User2,293,sound
User2,26,light
User3,248,shock
User3,283,light
User4,384,light
User5,330,light
User5,424,sound
User2,210,light
User4,508,sound
User2,512,shock
User1,414,sound
User4,359,shock
User4,352,sound
User3,475,shock
User5,89,light
User5,489,shock
User3,767,sound
User2,280,sound
User5,849,shock
User2,450,light
User5,605,sound
User5,200,sound
User1,212,shock
User3,24,light
User4,765,shock
User2,670,sound
User3,347,light
User3,178,light
User4,41,light
User3,399,light
User1,784,sound
User4,349,sound
User4,420,sound
User2,281,shock
User5,24,light
User1,39,light
User2,953,sound
User2,925,sound
User5,539,sound
User2,385,sound
User5,118,light
User2,391,light
User3,608,light
User5,278,light
User5,85,shock
User5,865,shock
User5,926,shock
User5,243,sound
User4,517,sound
User4,583,light
User5,637,sound
User2,4,shock
User1,401,light
User1,506,sound
User1,335,sound
User5,623,sound
User4,907,sound
User1,948,shock
User1,91,sound
User1,232,shock
User5,872,sound
User3,360,sound
User2,428,shock
User4,78,light
User3,838,light
User4,59,sound
User2,723,light
User1,866,light
User2,934,shock
User1,508,light
User3,719,light
User5,804,light
User5,692,sound
User2,942,sound
User5,513,shock
User5,706,light
User5,690,shock
User3,152,light
User2,706,light
User4,620,light
User2,946,sound
User1,613,sound
User2,883,light
User3,604,sound
User5,219,light
User3,648,sound
User4,937,shock
User3,698,light
User5,85,light
User3,324,light
User1,198,sound
User3,945,shock
User1,503,light
User4,84,sound
User2,665,shock
User1,799,shock
User5,776,sound
User2,960,sound
User3,369,shock
User4,507,light
User3,566,sound
User3,142,shock
User1,540,shock
User3,712,light
User2,42,sound
User4,609,light
User1,77,sound
User3,867,light
User1,175,light
User3,129,shock
User3,884,sound
User3,183,light
User2,664,shock
User1,443,light
User4,486,light
User1,447,sound
User4,353,light
User4,740,light
User3,963,sound
User5,214,light
User3,945,sound
User3,849,shock
User3,789,light
User1,816,shock
User4,676,sound
User5,59,light
User3,286,light
User5,507,shock
User4,200,light
User3,923,shock
User2,375,light
User5,641,sound
User4,103,sound
User5,916,light
User3,766,light
User2,850,shock
User5,494,shock
User3,827,sound
User1,223,sound
User1,549,sound
User1,291,light
User5,383,shock
User2,179,light
User1,707,light
User4,284,shock
User2,218,light
User4,370,shock
User2,600,shock
User5,189,shock
User2,128,shock
User4,265,shock
User4,659,light
User3,709,light
User4,757,light
User4,150,sound
User4,904,shock
User1,953,light
User2,104,shock
User3,224,sound
User4,904,sound
User4,645,sound
User3,534,light
User3,925,shock
User2,452,shock
User3,940,shock
User5,446,sound
User4,279,sound
User3,946,shock
User2,231,sound
User5,934,sound
User3,678,shock
User5,955,shock
User3,587,light
User5,542,light
User4,700,shock
User2,191,sound
User1,451,sound
User2,824,sound
User1,279,shock
User3,980,shock
User2,223,light
User1,221,sound
User3,781,light
User3,458,shock
User2,759,shock
User4,434,shock
User5,685,shock
User2,389,light
User5,85,sound
User2,995,light
User4,474,light
User5,399,sound
User4,471,sound
User2,472,light
User3,506,sound
User2,736,sound
User2,574,sound
User3,705,sound
User5,64,sound
User2,264,sound
User2,31,light
User1,731,sound
User1,858,light
User2,353,light
User5,395,shock
User3,22,shock
User5,706,shock
User5,536,shock
User4,779,sound
User4,541,shock
User4,351,shock
User3,0,sound
User3,345,light
User2,476,light
User2,397,shock
User2,610,shock
User5,61,sound
User4,825,shock
User3,102,light
User1,822,light
User3,927,light
User3,491,shock
User5,905,light
User2,302,sound
User2,282,sound
User2,967,light
User4,668,shock
User2,732,sound
User2,594,shock
User2,767,shock
User4,643,shock
User1,34,light
User4,956,shock
User3,755,light
User1,994,shock
User4,290,shock
User5,514,sound
User4,753,shock
User2,702,sound
User1,772,sound
User4,995,shock
User5,848,shock
User2,953,light
User3,322,sound
User5,270,sound
User5,722,light
User1,685,shock
User4,394,shock
User2,212,sound
User4,487,shock
User2,151,light
User2,137,shock
User1,476,shock
User5,654,shock
User4,949,light
User5,764,light
User4,579,light
User4,143,sound
User1,550,shock
User2,187,light
User1,388,light
User4,801,light
User2,978,sound
User3,272,sound
User2,700,shock
User1,440,light
User2,216,sound
User2,403,shock
User5,76,shock
User2,668,shock
User4,40,shock
User5,453,light
User1,403,sound
User4,549,light
User1,5,light
User5,307,shock
User5,461,light
User3,596,shock
User1,933,light
User3,116,sound
User3,242,sound
User2,671,sound
User4,2,light
User2,487,sound
User5,591,sound
User2,898,shock
User4,384,light
User5,473,shock
User3,759,sound
User4,176,sound
User2,777,light
User4,344,sound
User5,947,sound
User1,352,sound
User1,122,light
User1,867,light
User1,421,light
User4,645,light
User2,231,light
User2,194,sound
User1,406,shock
User5,565,sound
User4,496,sound
User1,58,shock
User3,895,sound
User3,237,shock
User5,864,light
User3,554,shock
User1,663,sound
User5,430,shock
User2,687,sound
User1,738,light
User2,48,shock
User1,458,light
User3,184,sound
User5,511,shock
User4,395,sound
User1,424,sound
User3,92,shock
User5,983,shock
User1,55,shock
User5,563,light
User3,97,sound
User2,764,light
User2,39,light
User2,185,shock
User1,91,sound
User2,375,light
User2,223,light
User5,455,shock
User4,986,light
User3,204,shock
User2,536,sound
User1,568,sound
User4,226,light
User5,381,sound
User3,732,light
User3,425,light
User4,441,sound
User1,815,sound
User4,528,sound
User4,145,light
User4,734,shock
User2,610,light
User4,784,shock
User1,138,shock
User3,470,shock
User4,406,light
User2,547,light
User3,325,light
User5,860,sound
User5,791,sound
User3,822,light
User5,245,shock
User3,508,shock
User1,185,sound
User1,311,light
User3,704,light
User5,237,shock
User4,659,sound
User5,677,light
User4,421,light
User1,255,shock
User2,319,sound
User2,624,shock
User2,452,sound
User5,353,sound
User5,744,sound
User3,48,light
User3,715,light
User4,77,shock
User4,426,light
User2,472,shock
User1,678,light
User1,560,light
User1,817,light
User4,208,sound
User5,462,shock
User3,125,sound
User2,329,shock
User4,462,shock
User3,414,light
User3,686,shock
User1,838,shock
User5,625,shock
User5,222,light
User4,253,shock
User5,44,shock
User2,792,shock
User5,762,shock
User3,8,sound
User2,479,shock
User4,843,shock
User1,381,shock
User3,468,sound
User2,58,shock
User3,725,shock
User3,282,light
User3,971,sound
User3,49,shock
User4,499,shock
User5,33,light
User5,357,sound
User1,153,light
User4,150,sound
User5,391,sound
User3,240,light
User3,297,sound
User4,933,shock
User2,848,light
User3,357,shock
User2,441,sound
User4,723,shock
User5,27,shock
User5,959,shock
User3,994,sound
User4,214,sound
User2,68,sound
User1,906,sound
User2,246,sound
User4,212,shock
User5,708,light
User2,424,light
User5,557,shock
User4,514,light
User2,304,shock
User3,366,sound
User1,841,shock
User1,702,shock
User5,116,light
User2,63,shock
User4,179,sound
User2,767,light
User5,922,sound
User2,464,light
User4,285,light
User4,738,sound
User3,632,sound
User1,217,light
User1,451,shock
User2,156,sound
User3,285,shock
User5,160,light
User2,836,sound
User3,638,sound
User2,436,shock
User3,27,light
User3,314,sound
User3,561,shock
User3,696,light
User3,962,shock
User4,994,sound
User5,445,light
User1,69,shock
User1,119,sound
User4,620,shock
User5,854,sound
User5,287,light
User1,111,light
User5,620,light
User3,636,shock
User2,114,shock
User1,658,sound
User3,593,shock
User4,708,shock
User1,61,shock
User5,819,shock
User5,264,light
User2,881,light
User3,112,sound
User4,998,sound
User2,343,shock
User1,154,sound
User1,929,shock
User1,950,light
User1,495,shock
User5,305,light
User3,56,shock
User5,266,sound
User5,470,sound
User5,196,shock
User2,501,shock
User2,549,sound
User1,13,sound
User5,141,shock
User4,559,light
User1,745,sound
User2,825,sound
User5,197,sound
User4,806,shock
User1,383,sound
User3,215,light
User3,53,sound
User5,624,light
User3,394,shock
User2,726,shock
User1,347,shock
User2,337,sound
User4,257,shock
User5,949,light
User1,690,light
User3,825,shock
User4,939,shock
User5,476,light
User4,673,light
User1,792,shock
User2,273,light
User3,149,light
User2,684,sound
User1,166,light
User3,3,sound
User3,317,light
User1,269,light
User4,440,shock
User3,256,light
User1,845,shock
User2,720,shock
User5,313,shock
User5,607,light
User5,838,light
User5,481,sound
User5,458,light
User1,312,shock
User2,642,shock
User3,405,shock
User4,131,sound
User5,278,light
User5,232,sound
User4,989,shock
User1,274,sound
User1,229,sound
User4,925,sound
User5,918,light
User5,146,light
User4,576,light
User3,742,sound
User4,736,light
User1,633,light
User1,376,light
User5,597,sound
User2,72,light
User5,910,light
User2,61,shock
User4,330,light
User3,739,light
User1,126,light
User3,434,sound
User2,429,sound
User5,8,sound
User5,692,sound
User5,587,sound
User4,786,light
User3,852,shock
User1,133,sound
User2,275,sound
User2,576,light
User5,158,shock
User1,720,light
User2,330,sound
User1,216,shock
User4,486,shock
User2,303,light
User5,911,shock
User4,73,light
User5,282,light
User5,265,sound
User2,321,light
User1,625,light
User4,416,shock
User5,955,sound
User5,427,light
User2,173,shock
User3,772,light
User5,941,light
User1,233,light
User1,377,sound
User2,307,sound
User5,297,sound
User4,417,shock
User2,454,shock
User1,447,sound
User2,999,sound
User5,727,shock
User1,283,light
User2,304,light
User1,532,light
User3,659,light
User3,874,light
User4,638,sound
User5,55,light
User5,299,light
User2,822,light
User2,122,light
User2,853,sound
User4,232,shock
User3,906,shock
User2,114,shock
User3,277,light
User3,513,light
User1,226,shock
User3,271,shock
User2,441,shock
User5,138,light
User3,702,shock
User3,773,shock
User5,628,sound
User3,557,sound
User1,901,shock
User3,298,sound
User5,532,shock
User1,488,sound
User1,730,shock
User2,747,shock
User3,364,shock
User3,639,shock
User3,826,sound
User3,61,light
User1,319,shock
User3,134,light
User4,232,sound
User1,376,sound
User5,353,shock
User5,490,shock
User1,764,shock
User5,891,light
User2,402,light
User3,414,shock
User3,61,light
User3,818,light
User3,92,shock
User3,202,light
User3,638,shock
User1,147,light
User4,924,shock
User3,107,light
User2,97,light
User4,908,light
User4,754,light
User2,341,light
User4,785,shock
User3,202,light
User3,671,light
User2,143,light
User2,618,sound
User4,339,sound
User3,797,light
User3,900,shock
User5,961,shock
User3,982,sound
User1,178,shock
User3,780,light
User5,69,shock
User4,121,light
User1,322,shock
User1,869,sound
User1,756,sound
User2,563,shock
User1,77,sound
User1,426,sound
User2,654,light
User3,266,sound
User1,962,sound
User1,343,sound
User5,903,light
User4,557,light
User4,91,shock
User5,440,sound
User3,787,shock
User3,339,shock
User4,484,sound
User1,588,shock
User4,950,light
User4,800,shock
User1,390,light
User3,204,light
User2,503,light
User3,55,light
User5,747,sound
User5,292,sound
User5,508,light
User2,208,sound
User1,833,shock
User5,551,light
User1,678,shock
User1,73,shock
User5,232,sound
User1,810,sound
User2,585,sound
User3,690,light
User5,118,sound
User3,42,shock
User3,175,shock
User2,541,sound
User1,880,sound
User2,773,shock
User3,959,light
User1,299,light
User4,758,shock
User2,745,light
User1,484,sound
User2,768,sound
User1,426,shock
User5,407,light
User2,806,shock
User5,278,light
User5,868,light
User3,347,light
User2,803,sound
User1,928,light
User3,955,sound
User2,541,sound
User4,851,light
User2,188,light
User3,460,shock
User3,43,shock
User2,625,light
User2,192,sound
User2,811,sound
User2,396,light
User5,81,sound
User5,117,shock
User5,919,sound
User5,492,shock
User4,544,shock
User2,735,light
User2,974,sound
User3,695,light
User5,391,shock
User4,655,shock
User5,479,shock
User3,75,sound
User3,651,shock
User3,993,light
User1,753,shock
User4,991,shock
User3,233,light
User3,739,light
User1,624,sound
User4,223,shock
User3,309,light
User4,768,light
User4,957,light
User4,458,sound
User2,410,light
User5,708,shock
User1,539,shock
User5,130,light
User5,828,light
User4,268,shock
User5,948,sound
User2,222,shock
User1,132,light
User3,2,sound
User1,811,light
User5,844,shock
User5,336,shock
User2,179,sound
User4,530,light
User2,688,shock
User5,356,sound
User4,621,sound
User1,75,sound
User5,440,shock
User2,759,shock
User2,866,shock
User4,965,sound
User2,924,sound
User5,626,shock
User2,573,light
User3,610,light
User5,407,sound
User3,872,light
User5,66,shock
User3,823,shock
User4,598,sound
User5,267,shock
User5,947,sound
User5,968,light
User5,288,light
User5,787,sound
User1,293,shock
User5,190,shock
User3,79,shock
User3,714,shock
User4,764,shock
User2,509,light
User1,816,light
User5,6,shock
User4,9,shock
User4,161,light
User3,219,shock
User5,469,shock
User2,917,sound
User5,173,sound
User5,707,shock
User4,566,shock
User3,26,light
User5,824,sound
User2,415,sound
User3,510,shock
User4,643,light
User2,549,light
User1,44,shock
User3,229,sound
User1,531,light
User1,352,shock
User5,410,shock
User1,233,light
User5,345,light
User2,189,light
User1,458,sound
User4,210,sound
User1,378,sound
User1,96,shock
User5,708,sound
User3,24,light
User5,444,light
User5,899,shock
User5,245,sound
User3,889,light
User1,266,sound
User1,163,light
User3,831,shock
User1,218,sound
User4,472,sound
User5,320,shock
User4,543,light
User1,200,sound
User5,219,shock
User5,312,shock
User2,652,shock
User2,920,shock
User4,845,light
User4,224,light
User4,491,light
User5,125,light
User1,731,sound
User5,827,light
User5,478,sound
User2,585,shock
User5,10,shock
User1,153,light
User2,182,shock
User1,978,sound
User4,810,sound
User3,516,sound
User4,120,light
User1,148,shock
User4,380,light
User1,505,shock
User3,599,light
User4,93,shock
User1,715,shock
User1,389,shock
User3,83,shock
User2,813,sound
User2,868,light
User4,342,light
User3,702,sound
User1,226,light
User2,76,sound
User3,326,shock
User1,294,sound
User2,471,shock
User4,652,shock
User5,229,sound
User3,722,sound
User5,207,shock
User3,610,light
User3,954,light
User2,236,sound
User1,509,sound
User2,721,shock
User4,206,sound
User2,150,light
User5,528,light
User1,81,shock
User5,775,sound
User4,292,sound
User1,884,shock
User3,884,light
User2,924,light
User4,805,sound
User2,827,shock
User5,799,sound
User2,566,shock
User4,196,shock
User1,361,shock
User4,377,light
User1,14,sound
User2,61,shock
User3,81,light
User1,527,sound
User1,683,shock
User3,503,sound
User2,646,sound
User3,434,light
User2,787,sound
User2,63,light
User3,688,sound
User3,200,light
User3,428,shock
User4,582,sound
User4,642,sound
User4,566,sound
User3,795,light
User5,987,light
User3,54,sound
User5,72,sound
User5,637,light
User1,209,shock
User3,286,light
User2,316,shock
User3,675,light
User4,461,light
User2,877,light
User4,351,light
User1,73,sound
User5,665,light
User5,745,sound
User5,426,shock
User1,23,shock
User3,937,shock
User2,459,sound
User1,185,light
User2,135,sound
User4,500,shock
User5,577,shock
User2,679,shock
User5,905,light
User4,506,light
User1,464,shock
User1,838,shock
User1,753,sound
User3,251,shock
User3,625,light
User2,213,shock
User2,153,light
User1,152,shock
User3,209,light
User1,321,sound
User3,993,light
User2,588,sound
User3,439,light
User3,660,shock
User5,264,light
User2,368,sound
User1,683,shock
User5,239,sound
User2,677,shock
User1,824,light
User2,757,shock
User5,238,sound
User1,245,sound
User3,799,sound
User1,404,light
User1,370,shock
User1,841,sound
User4,599,sound
User5,742,shock
User2,23,shock
User5,85,light
User4,561,sound
User5,134,sound
User4,96,light
User2,69,light
User3,714,shock
User1,575,light
User5,146,sound
User3,111,sound
User3,61,shock
User3,929,sound
User3,254,light
User1,463,light
User3,374,light
User3,546,sound
User5,405,light
User1,796,light
User5,352,shock
User4,30,sound
User1,775,light
User2,957,shock
User4,438,shock
User5,665,shock
User2,758,light
User1,713,light
User1,375,shock
User5,200,light
User1,926,light
User2,540,sound
User3,268,shock
User5,558,shock
User4,921,shock
User5,782,shock
User4,361,light
User4,278,shock
User5,572,light
User5,47,light
User4,966,light
User3,418,light
User5,397,shock
User2,539,sound
User5,901,light
User4,495,sound
User3,554,light
User5,637,sound
User4,576,light
User1,349,sound
User1,538,light
User1,564,sound
User4,850,sound
User4,643,sound
User3,152,light
User1,461,sound
User1,23,shock
User4,286,shock
User5,787,light
User1,100,shock
User4,832,shock
User1,761,sound
User4,660,shock
User1,668,sound
User5,62,shock
User2,662,light
User5,800,light
User4,875,sound
User5,253,shock
User2,442,shock
User5,870,light
User1,566,shock
User5,229,sound
User5,23,sound
User2,997,sound
User1,433,shock
User3,1000,sound
User3,419,shock
User3,803,sound
User5,139,shock
User3,61,shock
User5,34,light
User4,229,shock
User1,346,sound
User2,871,shock
User3,523,sound
User5,315,shock
User4,942,light
User4,500,light
User1,916,shock
User3,698,shock
User3,790,shock
User4,88,light
User2,494,shock
User3,667,shock
User5,748,shock
User4,332,light
User5,906,sound
User1,87,light
User4,326,light
User4,996,shock
User5,841,light
User2,773,light
User4,610,sound
User4,920,sound
User1,282,sound
User2,788,sound
User4,928,light
User3,291,light
User3,765,light
User5,313,light
User2,205,sound
User3,857,sound
User2,433,light
User2,217,light
User1,488,shock
User4,476,light
User1,1,shock
User5,286,sound
User5,335,shock
User2,944,sound
User2,792,sound
User5,655,light
User2,604,shock
User2,38,sound
User4,580,light
User4,867,shock
User4,675,shock
User4,267,sound
User4,230,light
User4,598,light
User3,767,sound
User1,678,shock
User3,32,sound
User1,762,shock
User4,788,light
User4,217,shock
User3,903,shock
User2,844,shock
User1,25,sound
User5,755,sound
User2,251,light
User1,419,sound
User4,319,sound
User4,326,sound
User5,934,sound
User4,920,sound
User5,279,light
User2,498,shock
User1,648,light
User1,796,shock
User2,702,shock
User1,562,sound
User5,260,sound
User1,49,shock
User4,386,shock
User4,833,shock
User4,124,sound
User2,800,light
User2,568,light
User3,434,light
User5,439,shock
User1,208,shock
User2,667,light
User4,930,light
User3,849,sound
User4,351,sound
User4,855,light
User2,485,sound
User5,651,sound
User4,209,shock
User3,659,light
User3,319,sound
User4,304,light
User3,272,sound
User1,826,light
User5,398,shock
User4,535,sound
User5,462,shock
User5,33,shock
User5,278,light
User5,416,shock
User2,880,light
User5,222,sound
User1,896,sound
User4,380,sound
User4,580,light
User2,492,sound
User3,85,sound
User4,369,sound
User3,412,shock
User4,148,shock
User1,866,light
User5,857,shock
User2,231,sound
User5,656,shock
User4,384,light
User2,186,sound
User4,677,light
User4,882,light
User2,724,shock
User1,311,sound
User1,968,shock
User1,477,light
User3,293,light
User5,185,shock
User2,248,shock
User1,194,sound
User1,14,light
User3,592,shock
User5,34,sound
User5,268,shock
User3,934,sound
User5,356,light
User1,475,light
User3,684,shock
User5,285,shock
User5,290,sound
User1,958,shock
User4,615,light
User5,88,shock
User2,211,sound
User1,698,sound
User1,374,light
User1,156,shock
User1,620,light
User3,956,shock
User3,556,sound
User1,305,sound
User4,417,light
User1,104,sound
User3,980,sound
User2,510,shock
User5,92,light
User5,157,light
User2,611,shock
User3,448,light
User2,595,light
User5,256,light
User3,182,light
User1,380,light
User1,291,shock
User4,660,sound
User2,451,sound
User3,665,sound
User1,253,light
User5,642,shock
User5,378,shock
User5,289,sound
User3,403,shock
User3,535,shock
User1,42,light
User1,117,shock
User2,208,shock
User4,304,light
User2,368,shock
User5,803,sound
User2,928,light
User1,458,sound
User2,587,sound
User2,844,sound
User5,459,sound
User1,85,sound
User3,421,shock
User1,239,shock
User2,464,shock
User2,571,shock
User4,838,light
User5,728,light
User5,141,shock
User3,286,light
User2,528,light
User1,959,sound
User1,199,sound
User3,600,light
User2,245,light
User2,976,light
User1,59,light
User2,724,light
User2,223,sound
User5,489,sound
User4,901,sound
User5,802,light
User3,38,light
User3,605,light
User1,277,light
User4,855,shock
User2,659,shock
User5,24,shock
User4,671,light
User1,194,shock
User2,684,sound
User4,438,shock
User3,18,light
User4,383,shock
User3,1,sound
User3,400,light
User2,688,sound
User4,810,light
User5,388,light
User5,228,shock
User4,12,light
User4,8,shock
User3,574,light
User2,436,sound
User5,914,shock
User5,259,light
User4,451,light
User2,403,sound
User5,641,light
User2,811,light
User1,464,light
User1,107,sound
User3,318,shock
User2,681,light
User5,461,sound
User5,888,sound
User2,787,shock
User3,851,sound
User1,248,light
User3,255,shock
User3,622,light
User5,935,sound
User5,375,light
User4,638,shock
User3,666,light
User1,813,shock
User3,134,sound
User3,821,shock
User4,543,light
User1,44,sound
User1,660,light
User5,826,shock
User5,624,light
User1,36,shock
User4,612,sound
User3,145,shock
User5,925,sound
User4,226,sound
User5,455,sound
User3,589,sound
User1,760,sound
User1,517,shock
User4,528,shock
User4,148,shock
User4,305,light
User1,986,light
User3,252,sound
User2,665,shock
User2,609,light
User2,475,shock
User3,845,sound
User5,956,light
User4,452,shock
User1,594,light
User3,683,sound
User5,108,sound
User3,630,sound
User1,694,shock
User4,371,sound
User4,250,shock
User1,224,shock
User3,939,shock
User2,534,shock
User2,187,shock
User1,780,sound
User5,135,shock
User1,808,shock
User5,498,shock
User2,468,light
User3,324,sound
User5,237,light
User3,696,light
User1,774,light
User2,965,shock
User4,149,light
User5,48,light
User2,850,shock
User5,363,light
User5,472,sound
User1,950,light
User5,5,light
User2,397,shock
User4,545,sound
User2,190,sound
User1,297,sound
User2,777,sound
User4,138,shock
User4,111,shock
User2,788,sound
User3,414,sound
User4,156,shock
User1,331,shock
User5,49,sound
User4,640,light
User3,478,sound
User1,154,light
User4,993,sound
User5,22,shock
User5,667,shock
User5,929,sound
User2,907,sound
User1,964,light
User2,237,sound
User2,483,sound
User5,250,light
User1,345,light
User3,418,light
User5,795,light
User4,53,sound
User5,554,shock
User5,85,shock
User2,590,shock
User2,971,light
User4,691,sound
User1,514,sound
User5,378,shock
User5,903,shock
User1,493,shock
User3,912,sound
User3,387,light
User3,526,sound
User5,644,sound
User1,513,sound
User5,128,sound
User4,135,sound
User4,891,sound
User2,523,light
User3,841,sound
User4,352,light
User2,984,shock
User4,679,sound
User2,351,sound
User3,425,shock
User1,636,sound
User2,50,sound
User5,529,light
User4,308,sound
User1,358,light
User2,873,shock
User4,589,sound
User3,114,shock
User4,734,shock
User4,660,sound
User1,739,shock
User4,201,sound
User4,616,sound
User5,947,shock
User4,947,light
User1,207,shock
User5,871,shock
User2,9,light
User4,245,light
User5,793,shock
User4,614,sound
User5,454,light
User4,550,shock
User3,776,sound
User5,244,shock
User5,130,shock
User5,147,shock
User4,538,light
User4,260,sound
User4,511,sound
User1,908,sound
User2,262,shock
User5,289,sound
User5,185,shock
User1,117,sound
User3,626,shock
User3,790,sound
User2,545,light
User4,795,shock
User3,373,light
User2,121,light
User5,792,shock
User4,736,light
User5,938,sound
User2,971,light
User2,383,light
User4,312,light
User5,357,sound
User4,988,shock
User3,102,shock
User5,995,light
User2,636,sound
User3,706,shock
User4,149,sound
User3,854,shock
User5,981,sound
User1,286,light
User1,691,shock
User2,922,light
User3,672,sound
User3,224,shock
User3,759,light
User3,346,shock
User4,293,light
User5,137,sound
User4,753,shock
User4,764,light
User3,285,sound
User1,572,sound
User3,1,shock
User3,896,light
User5,667,sound
User1,54,light
User2,121,light
User4,439,sound
User2,915,sound
User5,929,sound
User1,754,light
User1,967,light
User5,228,light
User4,387,light
User3,657,shock
User1,717,light
User1,493,light
User3,447,shock
User2,848,sound
User2,561,light
User1,791,light
User1,500,shock
User2,658,shock
User2,734,shock
User3,992,light
User5,229,sound
User4,279,light
User1,613,sound
User1,351,light
User4,557,sound
User2,901,light
User1,753,light
User3,985,light
User3,722,light
User1,501,sound
User2,157,light
User5,691,sound
User5,591,light
User2,962,light
User1,718,shock
User2,244,sound
User1,654,shock
User5,269,shock
User1,889,sound
User5,931,light
User4,197,light
User4,807,shock
User2,583,light
User5,234,sound
User5,698,light
User5,440,sound
User5,442,light
User2,192,shock
User3,825,sound
User4,981,light
User1,243,light
User1,895,sound
User3,853,sound
User5,112,light
User4,103,sound
User1,551,shock
User1,706,light
User2,882,light
User3,605,shock
User5,956,shock
User1,589,shock
User3,25,shock
User3,420,sound
User2,898,light
User4,740,sound
User1,332,light
User5,873,shock
User1,798,shock
User5,999,shock
User2,152,sound
User2,699,sound
User2,951,shock
User3,927,sound
User1,194,shock
User3,357,sound
User5,529,light
User4,198,shock
User3,46,shock
User2,794,sound
User3,63,light
User4,536,shock
User3,533,sound
User1,733,light
User4,884,light
User5,18,shock
User4,356,shock
User4,845,shock
User3,502,shock
User5,974,light
User4,469,light
User1,742,shock
User2,180,light
User5,267,shock
User5,100,shock
User1,10,sound
User2,844,sound
User1,783,sound
User1,470,light
User1,976,shock
User3,506,light
User2,738,shock
User5,520,sound
User2,603,shock
User3,855,sound
User3,123,shock
User4,890,sound
User1,939,shock
User2,351,shock
User2,94,light
User3,303,light
User3,33,light
User5,576,sound
User2,465,sound
User4,257,light
User2,789,light
User5,667,shock
User2,798,shock
User2,554,shock
User1,403,shock
User5,114,light
User5,764,shock
User5,331,sound
User4,146,light
User4,313,sound
User5,981,shock
User1,352,shock
User2,336,sound
User3,718,sound
User5,725,light
User2,640,shock
User2,156,sound
User5,381,sound
User2,352,light
User5,698,light
User1,886,light
User4,930,light
User5,957,shock
User2,327,shock
User4,148,shock
User3,853,light
User2,344,sound
User1,827,light
User3,646,light
User5,614,shock
User1,38,shock
User5,85,light
User3,569,sound
User5,805,shock
User3,459,sound
User1,558,shock
User3,686,sound
User5,923,light
User3,273,light
User2,154,shock
User3,651,shock
User5,580,shock
User4,13,shock
User2,469,sound
User3,118,sound
User1,856,shock
User4,251,sound
User1,16,sound
User4,476,light
User4,237,light
User1,320,light
User5,367,shock
User5,261,light
User1,130,shock
User3,535,light
User3,422,light
User1,722,sound
User3,175,sound
User3,46,shock
User5,862,shock
User2,642,shock
User3,843,light
User3,715,light
User5,978,sound
User1,977,sound
User2,285,shock
User4,920,light
User2,526,shock
User3,573,shock
User5,887,shock
User3,878,sound
User1,770,sound
User3,898,sound
User2,449,light
User3,201,light
User2,856,shock
User5,41,shock
User3,793,shock
User2,982,sound
User3,641,shock
User2,41,shock
User1,887,light
User4,919,sound
User5,957,shock
User1,104,light
User5,113,sound
User5,121,light
User4,832,light
User3,68,sound
User1,890,sound
User3,765,light
User4,634,shock
User3,557,shock
User3,647,sound
User4,683,sound
User5,973,shock
User3,137,light
User1,604,shock
User1,492,light
User3,316,shock
User1,900,shock
User2,985,shock
User2,618,light
User2,189,light
User4,236,sound
User4,500,light
User2,458,sound
User5,605,light
User4,494,sound
User1,362,light
User3,898,light
User1,494,shock
User1,67,shock
User2,834,light
User5,805,sound
User2,404,shock
User5,389,shock
User4,665,shock
User2,438,sound
User2,699,shock
User4,157,light
User1,664,shock
User2,855,shock
User2,3,sound
User5,378,light
User3,911,shock
User2,776,shock
User1,818,shock
User2,265,shock
User3,948,sound
User1,545,sound
User4,710,light
User4,180,light
User4,433,sound
User2,294,light
User1,92,light
User5,40,light
User2,959,light
User1,999,shock
User5,716,light
User2,399,sound
User5,257,sound
User4,328,light
User5,445,light
User3,499,light
User4,754,light
User1,486,shock
User3,338,light
User2,198,light
User1,870,shock
User2,190,light
User1,879,sound
User4,82,sound
User3,517,shock
User1,627,light
User1,243,light
User1,896,shock
User2,22,light
User2,626,sound
User1,869,shock
User4,677,light
User3,699,shock
User3,327,shock
User3,345,shock
User4,690,light
User1,48,sound
User3,244,shock
User5,726,shock
User2,820,light
User4,318,sound
User4,876,sound
User4,182,sound
User1,90,light
User3,927,shock
User5,511,shock
User5,481,shock
User2,985,sound
User3,460,shock
User2,577,light
User4,244,shock
User1,169,sound
User1,710,sound
User3,753,light
User4,451,sound
User4,678,sound
User5,299,shock
User1,934,sound
User4,39,sound
User2,287,shock
User5,145,shock
User3,75,sound
User5,88,shock
User4,510,light
User2,218,sound
User5,973,shock
User2,196,shock
User1,769,sound
User2,530,shock
User4,308,sound
User4,122,light
User5,603,light
User3,366,sound
User5,682,sound
User2,694,sound
User5,439,shock
User3,467,shock
User2,613,sound
User3,410,shock
User1,104,shock
User5,511,sound
User5,669,light
User3,983,light
User5,30,sound
User4,792,light
User5,196,shock
User3,491,light
User5,636,sound
User2,970,light
User5,49,light
User4,213,shock
User4,593,light
User5,326,sound
User3,522,sound
User3,61,shock
User5,5,light
User3,697,light
User1,434,sound
User4,297,sound
User1,579,sound
User1,605,sound
User1,796,shock
User5,132,shock
User3,373,light
User3,726,sound
User2,979,shock
User5,286,shock
User3,591,light
User1,506,light
User4,167,sound
User4,500,sound
User3,922,light
User3,301,light
User2,593,light
User3,269,light
User2,743,shock
User2,773,shock
User4,840,sound
User4,859,light
User4,632,light
User2,642,shock
User4,35,light
User1,131,light
User4,836,light
User4,995,shock
User2,663,light
User2,990,shock
User4,635,sound
User5,571,sound
User2,457,light
User5,849,sound
User1,23,sound
User1,382,sound
User3,891,shock
User1,583,sound
User1,417,light
User1,873,light
User1,74,sound
User1,438,sound
User2,338,shock
User5,123,shock
User4,666,sound
User4,837,shock
User3,43,sound
User4,588,shock
User2,140,light
User4,16,shock
User2,847,sound
User3,372,light
User5,735,sound
User2,143,sound
User4,440,sound
User2,14,sound
User2,933,light
User4,593,shock
User2,16,light
User3,120,light
User2,199,sound
User1,119,shock
User1,614,light
User5,944,sound
User2,816,sound
User1,345,shock
User2,692,shock
User5,483,light
User2,721,light
User5,799,shock
User2,140,light
User2,650,light
User3,945,sound
User4,258,light
User2,596,light
User2,390,sound
User2,851,sound
User4,8,sound
User3,739,sound
User4,975,sound
User5,976,shock
User1,957,shock
User3,970,shock
User4,831,shock
User5,194,shock
User4,289,sound
User2,234,shock
User4,327,shock
User2,819,light
User3,933,sound
User5,795,light
User1,679,sound
User5,198,sound
User1,234,light
User2,657,shock
User3,190,light
User1,502,light
User4,292,shock
User4,664,light
User4,758,sound
User3,694,light
User1,629,light
User5,475,shock
User2,655,shock
User2,884,sound
User4,202,light
User1,924,sound
User2,28,light
User3,410,shock
User5,179,light
User1,195,light
User2,788,sound
User4,907,sound
User4,718,shock
User3,303,shock
User1,125,shock
User5,606,shock
User5,599,shock
User5,112,shock
User2,815,sound
User2,602,light
User4,974,sound
User5,602,light
User2,802,light
User1,944,sound
User3,646,light
User5,703,shock
User4,973,shock
User3,625,sound
User1,997,shock
User1,627,light
User3,139,light
User1,574,light
User1,224,light
User1,840,light
User5,904,sound
User4,920,shock
User2,764,light
User2,372,sound
User3,571,sound
User3,467,shock
User3,65,light
User1,986,shock
User3,986,shock
User5,188,shock
User1,834,shock
User2,779,sound
User4,262,light
User1,707,shock
User1,842,light
User3,923,sound
User5,206,sound
User1,655,shock
User1,89,sound
User2,352,sound
User3,757,light
User3,95,shock
User4,949,light
User5,768,shock
User1,747,light
User5,685,light
User2,966,light
User1,163,sound
User3,21,light
User2,241,light
User1,155,light
User5,620,sound
User5,390,shock
User5,870,sound
User2,236,shock
User5,820,light
User4,536,sound
User1,330,sound
User4,437,light
User2,612,sound
User5,912,shock
User4,885,light
User1,88,light
User4,45,sound
User1,235,light
User3,470,shock
User5,134,light
User5,505,light
User2,475,light
User4,843,sound
User3,262,sound
User4,1000,shock
User4,410,sound
User5,100,sound
User3,514,shock
User2,377,shock
User5,175,sound
User1,165,light
User4,940,light
User3,861,light
User1,65,light
User2,426,sound
User5,50,shock
User5,256,shock
User2,938,light
User4,847,sound
User4,603,light
User4,234,shock
User5,548,sound
User2,31,shock
User5,954,sound
User3,809,shock
User1,960,shock
User5,998,shock
User2,204,light
User1,35,light
User3,777,sound
User4,784,shock
User2,650,sound
User2,433,light
User5,649,light
User3,263,light
User2,809,shock
User4,202,sound
User4,901,light
User2,324,sound
User1,8,shock
User4,82,shock
User3,883,shock
User5,459,shock
User1,22,sound
User4,184,light
User5,939,light
User5,839,shock
User1,905,shock
User1,53,shock
User3,900,shock
User5,301,light
User5,210,shock
User4,969,sound
User3,592,sound
User3,691,light
User1,36,sound
User2,496,sound
User4,686,sound
User3,553,shock
User1,492,light
User4,12,light
User4,592,shock
User1,51,sound
User3,105,sound
User1,856,shock
User5,640,sound
User5,585,sound
User3,585,sound
User4,599,light
User2,894,light
User5,58,light
User4,545,sound
User3,267,sound
User2,340,light
User3,248,sound
User1,83,light
User2,121,light
User2,215,sound
User3,435,light
User3,299,shock
User5,722,shock
User4,369,shock
User4,542,shock
User5,155,light
User2,327,light
User4,573,shock
User2,410,shock
User4,334,light
User3,999,shock
User4,580,sound
User5,432,light
User2,571,shock
User3,216,sound
User4,451,light
User4,786,light
User1,944,sound
User2,246,shock
User1,831,sound
User3,4,light
User4,613,sound
User2,846,light
User1,26,shock
User4,352,shock
User2,537,sound
User2,203,light
User5,107,sound
User4,268,sound
User1,455,sound
User3,172,light
User1,980,light
User4,291,light
User5,359,sound
User2,499,sound
User1,341,shock
User1,803,sound
User5,489,light
User1,619,light
User5,273,light
User4,800,shock
User5,799,shock
User3,158,shock
User3,102,sound
User3,612,sound
User2,920,shock
User2,996,light
User1,584,sound
User1,20,light
User2,684,light
User5,356,shock
User1,784,sound
User4,773,shock
User5,572,sound
User3,79,sound
User4,456,shock
User4,409,sound
User1,190,light
User2,382,shock
User3,39,light
User1,655,light
User1,503,sound
User4,760,light
User4,556,sound
User1,813,shock
User3,412,sound
User2,69,light
User1,28,sound
User4,729,light
User3,91,shock
User4,958,shock
User2,948,shock
User1,202,light
User4,77,sound
User3,591,sound
User2,848,sound
User3,979,shock
User2,603,shock
User1,975,shock
User4,842,shock
User2,355,light
User1,336,light
User1,485,shock
User4,548,shock
User1,765,shock
User1,789,shock
User4,130,sound
User5,859,shock
User3,207,light
User4,775,light
User3,107,shock
User2,64,light
User5,254,light
User1,566,sound
User4,344,light
User2,235,sound
User4,122,shock
User5,218,sound
User5,760,light
User1,937,shock
User5,264,shock
User1,198,light
User4,404,light
User1,85,sound
User1,817,sound
User4,284,sound
User4,26,shock
User4,908,shock
User1,428,light
User1,82,sound
User2,759,sound
User5,845,light
User1,717,shock
User2,142,shock
User5,408,sound
User1,705,shock
User5,542,shock
User2,759,sound
User5,558,sound
User5,409,light
User1,431,light
User5,632,shock
User2,137,light
User5,965,sound
User4,831,sound
User2,776,shock
User4,220,sound
User1,471,light
User2,738,shock
User4,731,sound
User4,998,light
User3,462,sound
User3,696,shock
User2,335,sound
User2,187,shock
User1,175,shock
User1,418,shock
User1,139,light
User1,935,light
User5,301,sound
User3,791,light
User1,73,light
User3,839,light
User2,419,light
User3,888,light
User3,534,shock
User2,866,shock
User3,107,sound
User2,817,sound
User5,563,sound
User2,21,sound
User4,814,light
User5,381,shock
User5,764,shock
User2,945,sound
User5,215,light
User1,962,shock
User4,191,shock
User2,844,shock
User4,41,light
User1,259,shock
User1,6,sound
User4,663,sound
User2,688,sound
User5,106,sound
User2,485,light
User1,192,light
User2,117,shock
User2,431,light
User2,957,shock
User1,481,light
User4,851,shock
User3,9,light
User3,237,light
User4,137,shock
User4,533,shock
User2,376,light
User5,914,shock
User5,765,shock
User3,894,light
User2,539,sound
User2,44,light
User4,373,sound
User3,535,sound
User3,186,sound
User2,477,sound
User1,917,light
User5,119,light
User1,170,light
User3,431,shock
User3,297,sound
User1,953,light
User4,286,shock
User2,191,sound
User2,844,light
User5,785,light
User1,27,sound
User1,531,light
User4,589,light
User3,30,light
User2,934,sound
User4,213,shock
User1,624,sound
User4,402,shock
User4,783,light
User5,421,sound
User1,169,shock
User3,793,light
User4,801,shock
User4,480,shock
User5,547,light
User5,849,light
User3,839,sound
User2,773,light
User5,338,light
User2,97,shock
User4,960,sound
User3,558,sound
User4,7,sound
User2,593,sound
User5,743,light
User3,343,sound
User3,593,light
User4,149,light
User1,191,shock
User1,603,light
User5,922,sound
User1,248,sound
User1,56,light
User5,890,shock
User1,999,light
User3,177,sound
User3,563,light
User3,287,light
User5,644,sound
User4,594,light
User4,315,shock
User3,218,light
User3,57,light
User5,385,sound
User4,797,shock
User4,506,light
User2,880,sound
User1,708,shock
User1,746,shock
User3,975,sound
User5,106,shock
User2,324,shock
User4,630,light
User2,807,sound
User4,88,sound
User3,89,shock
User3,980,light
User4,24,shock
User2,335,sound
User5,771,light
User2,947,sound
User2,658,shock
User4,55,shock
User3,642,light
User2,992,shock
User4,580,sound
User4,550,light
User3,649,light
